Unnamed: 0,ID_VIV,UPM,VIV_SEL,AREAM,CVE_ENT,NOM_ENT,CVE_MUN,NOM_MUN,RESULT_V,AP1_1,AP1_2,AP2_1,AP2_2,AP2_3,NAP2_3,FAC_VIV,FAC_VIV_AM,DOMINIO,EST_DIS,UPM_DIS,SEGURA_DIA,SEGURA_NOCHE,PROBLEMA_PRINC
37966,1402445.02,1402445,2,2.0,14,JALISCO,39,GUADALAJARA,2,1,2,5,1,,1,1046,1046.0,U,279,6223,Sí,No,Violencia entre vecinos
37967,1402445.03,1402445,3,2.0,14,JALISCO,39,GUADALAJARA,1,1,2,4,1,,1,1046,1046.0,U,279,6223,Sí,No,Venta de drogas
37968,1402445.04,1402445,4,2.0,14,JALISCO,39,GUADALAJARA,2,1,2,7,1,,1,1046,1046.0,U,279,6223,Sí,No,Extorsión a negocios
37969,1402445.05,1402445,5,2.0,14,JALISCO,39,GUADALAJARA,2,1,2,1,1,,1,1046,1046.0,U,279,6223,Sí,No,Robos frecuentes
37970,1402472.02,1402472,2,2.0,14,JALISCO,39,GUADALAJARA,1,2,1,3,1,,1,1027,1027.0,U,281,6453,No,Sí,Consumo de drogas
37971,1402472.03,1402472,3,2.0,14,JALISCO,39,GUADALAJARA,2,2,1,1,1,,1,1027,1027.0,U,281,6453,No,Sí,Robos frecuentes
37972,1402472.04,1402472,4,2.0,14,JALISCO,39,GUADALAJARA,1,2,1,1,1,,1,1027,1027.0,U,281,6453,No,Sí,Robos frecuentes
37973,1402472.05,1402472,5,2.0,14,JALISCO,39,GUADALAJARA,2,2,1,1,1,,1,1027,1027.0,U,281,6453,No,Sí,Robos frecuentes
37974,1402539.01,1402539,1,2.0,14,JALISCO,39,GUADALAJARA,1,1,2,5,1,,1,693,693.0,U,279,6289,Sí,No,Violencia entre vecinos
37975,1402539.02,1402539,2,2.0,14,JALISCO,39,GUADALAJARA,2,1,2,6,1,,1,693,693.0,U,279,6289,Sí,No,Disparos frecuentes
37976,1402539.03,1402539,3,2.0,14,JALISCO,39,GUADALAJARA,2,1,2,9,1,,1,693,693.0,U,279,6289,Sí,No,Ninguno
37977,1402539.05,1402539,5,2.0,14,JALISCO,39,GUADALAJARA,2,1,2,2,1,,1,693,693.0,U,279,6289,Sí,No,Pandillas/bandas
37978,1402540.01,1402540,1,2.0,14,JALISCO,39,GUADALAJARA,1,1,2,2,1,,1,1132,1132.0,U,280,6293,Sí,No,Pandillas/bandas
37979,1402540.02,1402540,2,2.0,14,JALISCO,39,GUADALAJARA,2,1,2,2,1,,1,1132,1132.0,U,280,6293,Sí,No,Pandillas/bandas
37980,1402540.03,1402540,3,2.0,14,JALISCO,39,GUADALAJARA,2,1,2,2,1,,1,1132,1132.0,U,280,6293,Sí,No,Pandillas/bandas
37981,1402540.04,1402540,4,2.0,14,JALISCO,39,GUADALAJARA,2,1,2,7,1,,1,1132,1132.0,U,280,6293,Sí,No,Extorsión a negocios
37982,1402540.05,1402540,5,2.0,14,JALISCO,39,GUADALAJARA,1,1,2,1,1,,1,1132,1132.0,U,280,6293,Sí,No,Robos frecuentes
37983,1402551.01,1402551,1,2.0,14,JALISCO,39,GUADALAJARA,1,1,2,5,1,,1,715,715.0,U,279,6287,Sí,No,Violencia entre vecinos
37984,1402551.02,1402551,2,2.0,14,JALISCO,39,GUADALAJARA,2,1,2,3,1,,1,715,715.0,U,279,6287,Sí,No,Consumo de drogas
37985,1402551.04,1402551,4,2.0,14,JALISCO,39,GUADALAJARA,2,1,2,6,1,,1,715,715.0,U,279,6287,Sí,No,Disparos frecuentes
37986,1402551.05,1402551,5,2.0,14,JALISCO,39,GUADALAJARA,2,1,2,6,1,,1,715,715.0,U,279,6287,Sí,No,Disparos frecuentes
37987,1402567.01,1402567,1,2.0,14,JALISCO,39,GUADALAJARA,2,1,2,6,1,,1,954,954.0,U,280,6345,Sí,No,Disparos frecuentes
37988,1402567.02,1402567,2,2.0,14,JALISCO,39,GUADALAJARA,1,1,2,4,1,,1,954,954.0,U,280,6345,Sí,No,Venta de drogas
37989,1402567.03,1402567,3,2.0,14,JALISCO,39,GUADALAJARA,1,1,2,5,1,,1,954,954.0,U,280,6345,Sí,No,Violencia entre vecinos
37990,1402567.04,1402567,4,2.0,14,JALISCO,39,GUADALAJARA,1,1,2,2,1,,1,954,954.0,U,280,6345,Sí,No,Pandillas/bandas
37991,1402567.05,1402567,5,2.0,14,JALISCO,39,GUADALAJARA,2,1,2,4,1,,1,954,954.0,U,280,6345,Sí,No,Venta de drogas
37992,1402571.01,1402571,1,2.0,14,JALISCO,39,GUADALAJARA,2,1,2,1,1,,1,761,761.0,U,280,6385,Sí,No,Robos frecuentes
37993,1402571.02,1402571,2,2.0,14,JALISCO,39,GUADALAJARA,2,1,2,4,1,,1,761,761.0,U,280,6385,Sí,No,Venta de drogas
37994,1402571.03,1402571,3,2.0,14,JALISCO,39,GUADALAJARA,1,1,2,2,1,,1,761,761.0,U,280,6385,Sí,No,Pandillas/bandas
37995,1402571.04,1402571,4,2.0,14,JALISCO,39,GUADALAJARA,2,1,2,5,1,,1,761,761.0,U,280,6385,Sí,No,Violencia entre vecinos
37996,1402571.05,1402571,5,2.0,14,JALISCO,39,GUADALAJARA,1,1,2,2,1,,1,761,761.0,U,280,6385,Sí,No,Pandillas/bandas
37997,1402581.01,1402581,1,2.0,14,JALISCO,39,GUADALAJARA,2,1,2,2,1,,1,1033,1033.0,U,280,6307,Sí,No,Pandillas/bandas
37998,1402581.03,1402581,3,2.0,14,JALISCO,39,GUADALAJARA,1,1,2,3,1,,1,1033,1033.0,U,280,6307,Sí,No,Consumo de drogas
37999,1402581.04,1402581,4,2.0,14,JALISCO,39,GUADALAJARA,1,1,2,2,1,,1,1033,1033.0,U,280,6307,Sí,No,Pandillas/bandas
38000,1402581.05,1402581,5,2.0,14,JALISCO,39,GUADALAJARA,1,1,2,4,1,,1,1033,1033.0,U,280,6307,Sí,No,Venta de drogas
38001,1402591.02,1402591,2,2.0,14,JALISCO,39,GUADALAJARA,2,1,2,5,1,,1,906,906.0,U,279,6257,Sí,No,Violencia entre vecinos
38002,1402591.03,1402591,3,2.0,14,JALISCO,39,GUADALAJARA,2,1,2,4,1,,1,906,906.0,U,279,6257,Sí,No,Venta de drogas
38003,1402591.05,1402591,5,2.0,14,JALISCO,39,GUADALAJARA,2,1,2,12,1,,1,906,906.0,U,279,6257,Sí,No,
38004,1402619.01,1402619,1,2.0,14,JALISCO,39,GUADALAJARA,2,1,2,5,1,,1,940,940.0,U,280,6355,Sí,No,Violencia entre vecinos
38005,1402619.02,1402619,2,2.0,14,JALISCO,39,GUADALAJARA,2,1,2,1,1,,1,940,940.0,U,280,6355,Sí,No,Robos frecuentes
38006,1402619.03,1402619,3,2.0,14,JALISCO,39,GUADALAJARA,1,1,2,4,1,,1,940,940.0,U,280,6355,Sí,No,Venta de drogas
38007,1402619.04,1402619,4,2.0,14,JALISCO,39,GUADALAJARA,2,1,2,1,1,,1,940,940.0,U,280,6355,Sí,No,Robos frecuentes
38008,1402619.05,1402619,5,2.0,14,JALISCO,39,GUADALAJARA,2,1,2,2,1,,1,940,940.0,U,280,6355,Sí,No,Pandillas/bandas
38009,1402620.01,1402620,1,2.0,14,JALISCO,39,GUADALAJARA,2,1,2,4,1,,1,1023,1023.0,U,280,6312,Sí,No,Venta de drogas
38010,1402620.02,1402620,2,2.0,14,JALISCO,39,GUADALAJARA,2,1,2,1,1,,1,1023,1023.0,U,280,6312,Sí,No,Robos frecuentes
38011,1402620.03,1402620,3,2.0,14,JALISCO,39,GUADALAJARA,2,1,2,5,1,,1,1023,1023.0,U,280,6312,Sí,No,Violencia entre vecinos
38012,1402620.04,1402620,4,2.0,14,JALISCO,39,GUADALAJARA,2,1,2,6,1,,1,1023,1023.0,U,280,6312,Sí,No,Disparos frecuentes
38013,1402620.05,1402620,5,2.0,14,JALISCO,39,GUADALAJARA,2,1,2,6,1,,1,1023,1023.0,U,280,6312,Sí,No,Disparos frecuentes
38014,1402640.01,1402640,1,2.0,14,JALISCO,39,GUADALAJARA,1,1,2,4,1,,1,1139,1139.0,U,280,6292,Sí,No,Venta de drogas
38015,1402640.02,1402640,2,2.0,14,JALISCO,39,GUADALAJARA,2,1,2,4,1,,1,1139,1139.0,U,280,6292,Sí,No,Venta de drogas
38016,1402640.04,1402640,4,2.0,14,JALISCO,39,GUADALAJARA,1,1,2,6,1,,1,1139,1139.0,U,280,6292,Sí,No,Disparos frecuentes
38017,1402640.05,1402640,5,2.0,14,JALISCO,39,GUADALAJARA,2,3,1,5,1,,1,1139,1139.0,U,280,6292,No sabe,Sí,Violencia entre vecinos
38018,1402659.01,1402659,1,2.0,14,JALISCO,39,GUADALAJARA,1,1,2,3,1,,1,804,804.0,U,280,6382,Sí,No,Consumo de drogas
38019,1402659.02,1402659,2,2.0,14,JALISCO,39,GUADALAJARA,2,1,2,3,1,,1,804,804.0,U,280,6382,Sí,No,Consumo de drogas
38020,1402659.03,1402659,3,2.0,14,JALISCO,39,GUADALAJARA,2,1,2,10,2,2.0,2,804,804.0,U,280,6382,Sí,No,Otro
38021,1402659.05,1402659,5,2.0,14,JALISCO,39,GUADALAJARA,2,1,2,4,1,,1,804,804.0,U,280,6382,Sí,No,Venta de drogas
38022,1402679.01,1402679,1,2.0,14,JALISCO,39,GUADALAJARA,2,1,2,4,1,,1,990,990.0,U,280,6323,Sí,No,Venta de drogas
38023,1402679.02,1402679,2,2.0,14,JALISCO,39,GUADALAJARA,1,1,2,7,2,2.0,2,990,990.0,U,280,6323,Sí,No,Extorsión a negocios
38024,1402679.03,1402679,3,2.0,14,JALISCO,39,GUADALAJARA,2,1,2,3,1,,1,990,990.0,U,280,6323,Sí,No,Consumo de drogas
38025,1402679.05,1402679,5,2.0,14,JALISCO,39,GUADALAJARA,2,1,2,4,1,,1,990,990.0,U,280,6323,Sí,No,Venta de drogas
38026,1402682.01,1402682,1,2.0,14,JALISCO,39,GUADALAJARA,2,1,2,2,1,,1,1005,1005.0,U,280,6319,Sí,No,Pandillas/bandas
38027,1402682.02,1402682,2,2.0,14,JALISCO,39,GUADALAJARA,2,1,2,2,1,,1,1005,1005.0,U,280,6319,Sí,No,Pandillas/bandas
38028,1402682.04,1402682,4,2.0,14,JALISCO,39,GUADALAJARA,2,1,2,4,1,,1,1005,1005.0,U,280,6319,Sí,No,Venta de drogas
38029,1402682.05,1402682,5,2.0,14,JALISCO,39,GUADALAJARA,2,1,2,3,1,,1,1005,1005.0,U,280,6319,Sí,No,Consumo de drogas
38030,1402728.01,1402728,1,2.0,14,JALISCO,39,GUADALAJARA,1,1,2,3,1,,1,1003,1003.0,U,279,6231,Sí,No,Consumo de drogas
38031,1402728.02,1402728,2,2.0,14,JALISCO,39,GUADALAJARA,2,1,2,4,1,,1,1003,1003.0,U,279,6231,Sí,No,Venta de drogas
38032,1402728.04,1402728,4,2.0,14,JALISCO,39,GUADALAJARA,1,1,2,3,1,,1,1003,1003.0,U,279,6231,Sí,No,Consumo de drogas
38033,1402728.05,1402728,5,2.0,14,JALISCO,39,GUADALAJARA,1,1,2,5,1,,1,1003,1003.0,U,279,6231,Sí,No,Violencia entre vecinos
38034,1402807.01,1402807,1,2.0,14,JALISCO,39,GUADALAJARA,2,1,2,5,1,,1,1011,1011.0,U,280,6317,Sí,No,Violencia entre vecinos
38035,1402807.02,1402807,2,2.0,14,JALISCO,39,GUADALAJARA,2,1,2,1,1,,1,1011,1011.0,U,280,6317,Sí,No,Robos frecuentes
38036,1402807.03,1402807,3,2.0,14,JALISCO,39,GUADALAJARA,1,1,2,6,1,,1,1011,1011.0,U,280,6317,Sí,No,Disparos frecuentes
38037,1402807.04,1402807,4,2.0,14,JALISCO,39,GUADALAJARA,2,1,2,4,1,,1,1011,1011.0,U,280,6317,Sí,No,Venta de drogas
38038,1402807.05,1402807,5,2.0,14,JALISCO,39,GUADALAJARA,2,1,2,2,1,,1,1011,1011.0,U,280,6317,Sí,No,Pandillas/bandas
38039,1402818.01,1402818,1,2.0,14,JALISCO,39,GUADALAJARA,2,1,2,2,1,,1,973,973.0,U,279,6245,Sí,No,Pandillas/bandas
38040,1402818.02,1402818,2,2.0,14,JALISCO,39,GUADALAJARA,2,1,2,5,1,,1,973,973.0,U,279,6245,Sí,No,Violencia entre vecinos
38041,1402818.03,1402818,3,2.0,14,JALISCO,39,GUADALAJARA,1,1,1,4,1,,1,973,973.0,U,279,6245,Sí,Sí,Venta de drogas
38042,1402818.04,1402818,4,2.0,14,JALISCO,39,GUADALAJARA,1,1,2,6,1,,1,973,973.0,U,279,6245,Sí,No,Disparos frecuentes
38043,1402818.05,1402818,5,2.0,14,JALISCO,39,GUADALAJARA,2,1,1,2,1,,1,973,973.0,U,279,6245,Sí,Sí,Pandillas/bandas
38044,1402838.01,1402838,1,2.0,14,JALISCO,39,GUADALAJARA,1,1,2,3,1,,1,1032,1032.0,U,280,6309,Sí,No,Consumo de drogas
38045,1402838.02,1402838,2,2.0,14,JALISCO,39,GUADALAJARA,2,1,2,3,1,,1,1032,1032.0,U,280,6309,Sí,No,Consumo de drogas
38046,1402838.03,1402838,3,2.0,14,JALISCO,39,GUADALAJARA,1,1,2,5,1,,1,1032,1032.0,U,280,6309,Sí,No,Violencia entre vecinos
38047,1402838.04,1402838,4,2.0,14,JALISCO,39,GUADALAJARA,2,1,1,2,1,,1,1032,1032.0,U,280,6309,Sí,Sí,Pandillas/bandas
38048,1402838.05,1402838,5,2.0,14,JALISCO,39,GUADALAJARA,1,1,2,5,1,,1,1032,1032.0,U,280,6309,Sí,No,Violencia entre vecinos
38049,1402994.01,1402994,1,2.0,14,JALISCO,39,GUADALAJARA,2,1,2,4,1,,1,974,974.0,U,279,6244,Sí,No,Venta de drogas
38050,1402994.02,1402994,2,2.0,14,JALISCO,39,GUADALAJARA,1,1,2,3,1,,1,974,974.0,U,279,6244,Sí,No,Consumo de drogas
38051,1402994.03,1402994,3,2.0,14,JALISCO,39,GUADALAJARA,2,1,2,2,1,,1,974,974.0,U,279,6244,Sí,No,Pandillas/bandas
38052,1402994.04,1402994,4,2.0,14,JALISCO,39,GUADALAJARA,1,1,2,3,1,,1,974,974.0,U,279,6244,Sí,No,Consumo de drogas
38053,1402994.05,1402994,5,2.0,14,JALISCO,39,GUADALAJARA,1,1,2,5,1,,1,974,974.0,U,279,6244,Sí,No,Violencia entre vecinos
38054,1403053.01,1403053,1,2.0,14,JALISCO,39,GUADALAJARA,2,1,2,4,1,,1,1040,1040.0,U,280,6305,Sí,No,Venta de drogas
38055,1403053.03,1403053,3,2.0,14,JALISCO,39,GUADALAJARA,2,1,2,9,1,,1,1040,1040.0,U,280,6305,Sí,No,Ninguno
38056,1403053.04,1403053,4,2.0,14,JALISCO,39,GUADALAJARA,2,3,2,2,1,,1,1040,1040.0,U,280,6305,No sabe,No,Pandillas/bandas
38057,1403053.05,1403053,5,2.0,14,JALISCO,39,GUADALAJARA,2,1,2,1,1,,1,1040,1040.0,U,280,6305,Sí,No,Robos frecuentes
38058,1403057.03,1403057,3,2.0,14,JALISCO,39,GUADALAJARA,1,1,2,3,1,,1,1061,1061.0,U,280,6300,Sí,No,Consumo de drogas
38059,1403057.04,1403057,4,2.0,14,JALISCO,39,GUADALAJARA,1,1,1,5,2,2.0,2,1061,1061.0,U,280,6300,Sí,Sí,Violencia entre vecinos
38060,1403086.02,1403086,2,2.0,14,JALISCO,39,GUADALAJARA,2,1,2,3,1,,1,1034,1034.0,U,280,6306,Sí,No,Consumo de drogas
38061,1403086.03,1403086,3,2.0,14,JALISCO,39,GUADALAJARA,2,1,2,2,1,,1,1034,1034.0,U,280,6306,Sí,No,Pandillas/bandas
38062,1403086.04,1403086,4,2.0,14,JALISCO,39,GUADALAJARA,1,1,2,2,1,,1,1034,1034.0,U,280,6306,Sí,No,Pandillas/bandas
38063,1403086.05,1403086,5,2.0,14,JALISCO,39,GUADALAJARA,2,1,2,2,1,,1,1034,1034.0,U,280,6306,Sí,No,Pandillas/bandas
38064,1403102.02,1403102,2,2.0,14,JALISCO,39,GUADALAJARA,2,1,2,2,1,,1,1120,1120.0,U,280,6295,Sí,No,Pandillas/bandas
38065,1403102.03,1403102,3,2.0,14,JALISCO,39,GUADALAJARA,2,1,2,3,1,,1,1120,1120.0,U,280,6295,Sí,No,Consumo de drogas
38066,1403102.04,1403102,4,2.0,14,JALISCO,39,GUADALAJARA,2,2,1,2,1,,1,1120,1120.0,U,280,6295,No,Sí,Pandillas/bandas
38067,1403102.05,1403102,5,2.0,14,JALISCO,39,GUADALAJARA,2,2,2,1,1,,1,1120,1120.0,U,280,6295,No,No,Robos frecuentes
38068,1403116.01,1403116,1,2.0,14,JALISCO,39,GUADALAJARA,2,1,2,6,1,,1,954,954.0,U,280,6346,Sí,No,Disparos frecuentes
38069,1403116.02,1403116,2,2.0,14,JALISCO,39,GUADALAJARA,1,1,2,4,1,,1,954,954.0,U,280,6346,Sí,No,Venta de drogas
38070,1403116.03,1403116,3,2.0,14,JALISCO,39,GUADALAJARA,2,3,1,3,1,,1,954,954.0,U,280,6346,No sabe,Sí,Consumo de drogas
38071,1403123.01,1403123,1,2.0,14,JALISCO,39,GUADALAJARA,2,1,2,4,1,,1,996,996.0,U,279,6236,Sí,No,Venta de drogas
38072,1403123.02,1403123,2,2.0,14,JALISCO,39,GUADALAJARA,2,1,1,4,1,,1,996,996.0,U,279,6236,Sí,Sí,Venta de drogas
38073,1403123.03,1403123,3,2.0,14,JALISCO,39,GUADALAJARA,2,1,2,1,1,,1,996,996.0,U,279,6236,Sí,No,Robos frecuentes
38074,1403123.04,1403123,4,2.0,14,JALISCO,39,GUADALAJARA,2,1,2,5,1,,1,996,996.0,U,279,6236,Sí,No,Violencia entre vecinos
38075,1403123.05,1403123,5,2.0,14,JALISCO,39,GUADALAJARA,2,1,2,2,1,,1,996,996.0,U,279,6236,Sí,No,Pandillas/bandas
38076,1403169.01,1403169,1,2.0,14,JALISCO,39,GUADALAJARA,2,1,2,1,1,,1,928,928.0,U,279,6252,Sí,No,Robos frecuentes
38077,1403169.02,1403169,2,2.0,14,JALISCO,39,GUADALAJARA,2,1,2,7,2,2.0,2,928,928.0,U,279,6252,Sí,No,Extorsión a negocios
38078,1403169.04,1403169,4,2.0,14,JALISCO,39,GUADALAJARA,2,1,2,2,1,,1,928,928.0,U,279,6252,Sí,No,Pandillas/bandas
38079,1403169.05,1403169,5,2.0,14,JALISCO,39,GUADALAJARA,2,1,2,3,1,,1,928,928.0,U,279,6252,Sí,No,Consumo de drogas
38080,1403198.02,1403198,2,2.0,14,JALISCO,39,GUADALAJARA,2,1,2,5,2,2.0,2,927,927.0,U,280,6361,Sí,No,Violencia entre vecinos
38081,1403198.03,1403198,3,2.0,14,JALISCO,39,GUADALAJARA,1,1,2,2,1,,1,927,927.0,U,280,6361,Sí,No,Pandillas/bandas
38082,1403198.04,1403198,4,2.0,14,JALISCO,39,GUADALAJARA,2,2,2,3,1,,1,927,927.0,U,280,6361,No,No,Consumo de drogas
38083,1403254.01,1403254,1,2.0,14,JALISCO,39,GUADALAJARA,2,1,2,3,1,,1,954,954.0,U,280,6347,Sí,No,Consumo de drogas
38084,1403254.02,1403254,2,2.0,14,JALISCO,39,GUADALAJARA,2,1,2,4,1,,1,954,954.0,U,280,6347,Sí,No,Venta de drogas
38085,1403254.03,1403254,3,2.0,14,JALISCO,39,GUADALAJARA,2,3,1,4,1,,1,954,954.0,U,280,6347,No sabe,Sí,Venta de drogas
38086,1403254.04,1403254,4,2.0,14,JALISCO,39,GUADALAJARA,1,1,2,2,1,,1,954,954.0,U,280,6347,Sí,No,Pandillas/bandas
38087,1403267.01,1403267,1,2.0,14,JALISCO,39,GUADALAJARA,2,1,2,3,1,,1,1072,1072.0,U,281,6439,Sí,No,Consumo de drogas
38088,1403267.02,1403267,2,2.0,14,JALISCO,39,GUADALAJARA,2,1,2,4,1,,1,1072,1072.0,U,281,6439,Sí,No,Venta de drogas
38089,1403267.03,1403267,3,2.0,14,JALISCO,39,GUADALAJARA,1,1,2,3,1,,1,1072,1072.0,U,281,6439,Sí,No,Consumo de drogas
38090,1403267.04,1403267,4,2.0,14,JALISCO,39,GUADALAJARA,1,1,2,4,1,,1,1072,1072.0,U,281,6439,Sí,No,Venta de drogas
38091,1403267.05,1403267,5,2.0,14,JALISCO,39,GUADALAJARA,2,1,2,2,1,,1,1072,1072.0,U,281,6439,Sí,No,Pandillas/bandas
38092,1403306.01,1403306,1,2.0,14,JALISCO,39,GUADALAJARA,2,1,2,5,1,,1,771,771.0,U,279,6284,Sí,No,Violencia entre vecinos
38093,1403306.02,1403306,2,2.0,14,JALISCO,39,GUADALAJARA,1,1,2,2,1,,1,771,771.0,U,279,6284,Sí,No,Pandillas/bandas
38094,1403306.04,1403306,4,2.0,14,JALISCO,39,GUADALAJARA,1,1,2,5,1,,1,771,771.0,U,279,6284,Sí,No,Violencia entre vecinos
38095,1403306.05,1403306,5,2.0,14,JALISCO,39,GUADALAJARA,2,1,2,4,1,,1,771,771.0,U,279,6284,Sí,No,Venta de drogas
38096,1403318.01,1403318,1,2.0,14,JALISCO,39,GUADALAJARA,2,1,2,1,1,,1,1032,1032.0,U,281,6452,Sí,No,Robos frecuentes
38097,1403318.02,1403318,2,2.0,14,JALISCO,39,GUADALAJARA,2,1,2,1,1,,1,1032,1032.0,U,281,6452,Sí,No,Robos frecuentes
38098,1403318.03,1403318,3,2.0,14,JALISCO,39,GUADALAJARA,1,1,2,8,1,,1,1032,1032.0,U,281,6452,Sí,No,Prostitución
38099,1403318.04,1403318,4,2.0,14,JALISCO,39,GUADALAJARA,2,1,2,3,1,,1,1032,1032.0,U,281,6452,Sí,No,Consumo de drogas
38100,1403318.05,1403318,5,2.0,14,JALISCO,39,GUADALAJARA,2,1,2,4,1,,1,1032,1032.0,U,281,6452,Sí,No,Venta de drogas
38101,1403338.01,1403338,1,2.0,14,JALISCO,39,GUADALAJARA,1,1,2,2,1,,1,826,826.0,U,279,6275,Sí,No,Pandillas/bandas
38102,1403338.02,1403338,2,2.0,14,JALISCO,39,GUADALAJARA,2,1,2,2,1,,1,826,826.0,U,279,6275,Sí,No,Pandillas/bandas
38103,1403338.03,1403338,3,2.0,14,JALISCO,39,GUADALAJARA,1,1,2,5,1,,1,826,826.0,U,279,6275,Sí,No,Violencia entre vecinos
38104,1403338.05,1403338,5,2.0,14,JALISCO,39,GUADALAJARA,1,1,2,5,1,,1,826,826.0,U,279,6275,Sí,No,Violencia entre vecinos
38105,1403423.01,1403423,1,2.0,14,JALISCO,39,GUADALAJARA,1,2,1,4,1,,1,1127,1127.0,U,280,6294,No,Sí,Venta de drogas
38106,1403423.02,1403423,2,2.0,14,JALISCO,39,GUADALAJARA,2,2,1,3,1,,1,1127,1127.0,U,280,6294,No,Sí,Consumo de drogas
38107,1403423.03,1403423,3,2.0,14,JALISCO,39,GUADALAJARA,1,2,1,5,1,,1,1127,1127.0,U,280,6294,No,Sí,Violencia entre vecinos
38108,1403423.04,1403423,4,2.0,14,JALISCO,39,GUADALAJARA,2,2,1,3,1,,1,1127,1127.0,U,280,6294,No,Sí,Consumo de drogas
38109,1403423.05,1403423,5,2.0,14,JALISCO,39,GUADALAJARA,2,1,2,2,1,,1,1127,1127.0,U,280,6294,Sí,No,Pandillas/bandas
38110,1403432.01,1403432,1,2.0,14,JALISCO,39,GUADALAJARA,1,1,1,4,1,,1,954,954.0,U,280,6348,Sí,Sí,Venta de drogas
38111,1403432.02,1403432,2,2.0,14,JALISCO,39,GUADALAJARA,1,1,2,6,1,,1,954,954.0,U,280,6348,Sí,No,Disparos frecuentes
38112,1403432.04,1403432,4,2.0,14,JALISCO,39,GUADALAJARA,2,1,1,4,1,,1,954,954.0,U,280,6348,Sí,Sí,Venta de drogas
38113,1403438.02,1403438,2,2.0,14,JALISCO,39,GUADALAJARA,2,1,2,4,1,,1,1074,1074.0,U,279,6218,Sí,No,Venta de drogas
38114,1403438.03,1403438,3,2.0,14,JALISCO,39,GUADALAJARA,2,1,2,3,1,,1,1074,1074.0,U,279,6218,Sí,No,Consumo de drogas
38115,1403438.05,1403438,5,2.0,14,JALISCO,39,GUADALAJARA,2,1,2,2,1,,1,1074,1074.0,U,279,6218,Sí,No,Pandillas/bandas
38116,1403440.01,1403440,1,2.0,14,JALISCO,39,GUADALAJARA,2,1,2,4,1,,1,913,913.0,U,279,6256,Sí,No,Venta de drogas
38117,1403440.02,1403440,2,2.0,14,JALISCO,39,GUADALAJARA,2,1,2,3,1,,1,913,913.0,U,279,6256,Sí,No,Consumo de drogas
38118,1403440.03,1403440,3,2.0,14,JALISCO,39,GUADALAJARA,2,1,2,4,1,,1,913,913.0,U,279,6256,Sí,No,Venta de drogas
38119,1403440.04,1403440,4,2.0,14,JALISCO,39,GUADALAJARA,2,1,2,2,1,,1,913,913.0,U,279,6256,Sí,No,Pandillas/bandas
38120,1403440.05,1403440,5,2.0,14,JALISCO,39,GUADALAJARA,2,1,2,4,1,,1,913,913.0,U,279,6256,Sí,No,Venta de drogas
38121,1403454.01,1403454,1,2.0,14,JALISCO,39,GUADALAJARA,2,2,1,2,1,,1,968,968.0,U,281,6467,No,Sí,Pandillas/bandas
38122,1403454.03,1403454,3,2.0,14,JALISCO,39,GUADALAJARA,1,2,1,2,1,,1,968,968.0,U,281,6467,No,Sí,Pandillas/bandas
38123,1403454.05,1403454,5,2.0,14,JALISCO,39,GUADALAJARA,1,2,1,1,1,,1,968,968.0,U,281,6467,No,Sí,Robos frecuentes
38124,1403475.01,1403475,1,2.0,14,JALISCO,39,GUADALAJARA,1,2,2,5,1,,1,974,974.0,U,280,6334,No,No,Violencia entre vecinos
38125,1403475.03,1403475,3,2.0,14,JALISCO,39,GUADALAJARA,1,2,2,3,1,,1,974,974.0,U,280,6334,No,No,Consumo de drogas
38126,1403475.04,1403475,4,2.0,14,JALISCO,39,GUADALAJARA,2,2,2,2,1,,1,974,974.0,U,280,6334,No,No,Pandillas/bandas
38127,1403475.05,1403475,5,2.0,14,JALISCO,39,GUADALAJARA,1,2,2,2,1,,1,974,974.0,U,280,6334,No,No,Pandillas/bandas
38128,1403518.01,1403518,1,2.0,14,JALISCO,39,GUADALAJARA,2,1,2,2,1,,1,1070,1070.0,U,281,6440,Sí,No,Pandillas/bandas
38129,1403518.02,1403518,2,2.0,14,JALISCO,39,GUADALAJARA,2,1,2,2,1,,1,1070,1070.0,U,281,6440,Sí,No,Pandillas/bandas
38130,1403518.05,1403518,5,2.0,14,JALISCO,39,GUADALAJARA,2,1,2,1,1,,1,1070,1070.0,U,281,6440,Sí,No,Robos frecuentes
38131,1403555.02,1403555,2,2.0,14,JALISCO,39,GUADALAJARA,2,1,2,4,1,,1,1109,1109.0,U,281,6422,Sí,No,Venta de drogas
38132,1403555.04,1403555,4,2.0,14,JALISCO,39,GUADALAJARA,2,1,2,2,1,,1,1109,1109.0,U,281,6422,Sí,No,Pandillas/bandas
38133,1403582.01,1403582,1,2.0,14,JALISCO,39,GUADALAJARA,1,1,2,1,1,,1,1000,1000.0,U,281,6461,Sí,No,Robos frecuentes
38134,1403582.02,1403582,2,2.0,14,JALISCO,39,GUADALAJARA,1,1,2,3,1,,1,1000,1000.0,U,281,6461,Sí,No,Consumo de drogas
38135,1403582.03,1403582,3,2.0,14,JALISCO,39,GUADALAJARA,2,1,2,3,1,,1,1000,1000.0,U,281,6461,Sí,No,Consumo de drogas
38136,1403582.04,1403582,4,2.0,14,JALISCO,39,GUADALAJARA,1,1,2,3,1,,1,1000,1000.0,U,281,6461,Sí,No,Consumo de drogas
38137,1403619.01,1403619,1,2.0,14,JALISCO,39,GUADALAJARA,2,1,2,5,1,,1,1015,1015.0,U,279,6228,Sí,No,Violencia entre vecinos
38138,1403619.02,1403619,2,2.0,14,JALISCO,39,GUADALAJARA,1,1,2,3,1,,1,1015,1015.0,U,279,6228,Sí,No,Consumo de drogas
38139,1403619.03,1403619,3,2.0,14,JALISCO,39,GUADALAJARA,2,3,1,1,1,,1,1015,1015.0,U,279,6228,No sabe,Sí,Robos frecuentes
38140,1403619.04,1403619,4,2.0,14,JALISCO,39,GUADALAJARA,2,1,1,4,1,,1,1015,1015.0,U,279,6228,Sí,Sí,Venta de drogas
38141,1403619.05,1403619,5,2.0,14,JALISCO,39,GUADALAJARA,1,3,1,3,1,,1,1015,1015.0,U,279,6228,No sabe,Sí,Consumo de drogas
38142,1403657.01,1403657,1,2.0,14,JALISCO,39,GUADALAJARA,2,1,2,4,1,,1,907,907.0,U,280,6367,Sí,No,Venta de drogas
38143,1403657.02,1403657,2,2.0,14,JALISCO,39,GUADALAJARA,2,1,2,6,1,,1,907,907.0,U,280,6367,Sí,No,Disparos frecuentes
38144,1403657.03,1403657,3,2.0,14,JALISCO,39,GUADALAJARA,2,1,2,5,1,,1,907,907.0,U,280,6367,Sí,No,Violencia entre vecinos
38145,1403700.01,1403700,1,2.0,14,JALISCO,39,GUADALAJARA,1,4,2,4,1,,1,1133,1133.0,U,281,6414,No aplica,No,Venta de drogas
38146,1403700.02,1403700,2,2.0,14,JALISCO,39,GUADALAJARA,2,1,2,5,1,,1,1133,1133.0,U,281,6414,Sí,No,Violencia entre vecinos
38147,1403700.04,1403700,4,2.0,14,JALISCO,39,GUADALAJARA,2,1,2,1,1,,1,1133,1133.0,U,281,6414,Sí,No,Robos frecuentes
38148,1403700.05,1403700,5,2.0,14,JALISCO,39,GUADALAJARA,2,1,2,4,1,,1,1133,1133.0,U,281,6414,Sí,No,Venta de drogas
38149,1403741.01,1403741,1,2.0,14,JALISCO,39,GUADALAJARA,1,1,2,4,1,,1,978,978.0,U,280,6332,Sí,No,Venta de drogas
38150,1403741.02,1403741,2,2.0,14,JALISCO,39,GUADALAJARA,1,1,2,3,2,2.0,2,978,978.0,U,280,6332,Sí,No,Consumo de drogas
38151,1403741.03,1403741,3,2.0,14,JALISCO,39,GUADALAJARA,2,1,2,6,1,,1,978,978.0,U,280,6332,Sí,No,Disparos frecuentes
38152,1403741.04,1403741,4,2.0,14,JALISCO,39,GUADALAJARA,2,1,2,5,1,,1,978,978.0,U,280,6332,Sí,No,Violencia entre vecinos
38153,1403741.05,1403741,5,2.0,14,JALISCO,39,GUADALAJARA,2,1,2,2,1,,1,978,978.0,U,280,6332,Sí,No,Pandillas/bandas
38154,1403742.01,1403742,1,2.0,14,JALISCO,39,GUADALAJARA,1,1,2,8,1,,1,998,998.0,U,279,6234,Sí,No,Prostitución
38155,1403742.02,1403742,2,2.0,14,JALISCO,39,GUADALAJARA,2,1,2,2,1,,1,998,998.0,U,279,6234,Sí,No,Pandillas/bandas
38156,1403742.03,1403742,3,2.0,14,JALISCO,39,GUADALAJARA,1,1,2,3,1,,1,998,998.0,U,279,6234,Sí,No,Consumo de drogas
38157,1403742.04,1403742,4,2.0,14,JALISCO,39,GUADALAJARA,2,1,2,2,1,,1,998,998.0,U,279,6234,Sí,No,Pandillas/bandas
38158,1403742.05,1403742,5,2.0,14,JALISCO,39,GUADALAJARA,2,1,2,6,1,,1,998,998.0,U,279,6234,Sí,No,Disparos frecuentes
38159,1403761.01,1403761,1,2.0,14,JALISCO,39,GUADALAJARA,1,1,2,4,2,2.0,2,964,964.0,U,280,6337,Sí,No,Venta de drogas
38160,1403761.03,1403761,3,2.0,14,JALISCO,39,GUADALAJARA,2,1,2,3,1,,1,964,964.0,U,280,6337,Sí,No,Consumo de drogas
38161,1403761.04,1403761,4,2.0,14,JALISCO,39,GUADALAJARA,2,1,2,4,1,,1,964,964.0,U,280,6337,Sí,No,Venta de drogas
38162,1403761.05,1403761,5,2.0,14,JALISCO,39,GUADALAJARA,1,1,2,3,1,,1,964,964.0,U,280,6337,Sí,No,Consumo de drogas
38163,1403774.01,1403774,1,2.0,14,JALISCO,39,GUADALAJARA,2,1,2,6,2,2.0,2,956,956.0,U,279,6247,Sí,No,Disparos frecuentes
38164,1403774.02,1403774,2,2.0,14,JALISCO,39,GUADALAJARA,2,1,2,4,1,,1,956,956.0,U,279,6247,Sí,No,Venta de drogas
38165,1403774.03,1403774,3,2.0,14,JALISCO,39,GUADALAJARA,2,1,2,1,1,,1,956,956.0,U,279,6247,Sí,No,Robos frecuentes
38166,1403774.04,1403774,4,2.0,14,JALISCO,39,GUADALAJARA,1,1,2,6,1,,1,956,956.0,U,279,6247,Sí,No,Disparos frecuentes
38167,1403774.05,1403774,5,2.0,14,JALISCO,39,GUADALAJARA,2,1,2,4,1,,1,956,956.0,U,279,6247,Sí,No,Venta de drogas
38168,1403846.01,1403846,1,2.0,14,JALISCO,39,GUADALAJARA,2,1,2,3,1,,1,1199,1199.0,U,281,6397,Sí,No,Consumo de drogas
38169,1403846.02,1403846,2,2.0,14,JALISCO,39,GUADALAJARA,1,1,2,6,1,,1,1199,1199.0,U,281,6397,Sí,No,Disparos frecuentes
38170,1403846.03,1403846,3,2.0,14,JALISCO,39,GUADALAJARA,2,2,2,3,1,,1,1199,1199.0,U,281,6397,No,No,Consumo de drogas
38171,1403846.04,1403846,4,2.0,14,JALISCO,39,GUADALAJARA,2,2,2,4,1,,1,1199,1199.0,U,281,6397,No,No,Venta de drogas
38172,1403846.05,1403846,5,2.0,14,JALISCO,39,GUADALAJARA,1,1,2,3,1,,1,1199,1199.0,U,281,6397,Sí,No,Consumo de drogas
38173,1403854.01,1403854,1,2.0,14,JALISCO,39,GUADALAJARA,2,1,2,2,1,,1,880,880.0,U,279,6261,Sí,No,Pandillas/bandas
38174,1403854.02,1403854,2,2.0,14,JALISCO,39,GUADALAJARA,1,2,2,3,1,,1,880,880.0,U,279,6261,No,No,Consumo de drogas
38175,1403854.03,1403854,3,2.0,14,JALISCO,39,GUADALAJARA,1,1,2,8,1,,1,880,880.0,U,279,6261,Sí,No,Prostitución
38176,1403854.04,1403854,4,2.0,14,JALISCO,39,GUADALAJARA,2,1,2,9,1,,1,880,880.0,U,279,6261,Sí,No,Ninguno
38177,1403854.05,1403854,5,2.0,14,JALISCO,39,GUADALAJARA,2,1,2,3,1,,1,880,880.0,U,279,6261,Sí,No,Consumo de drogas
38178,1403880.01,1403880,1,2.0,14,JALISCO,39,GUADALAJARA,1,1,2,2,1,,1,1090,1090.0,U,281,6432,Sí,No,Pandillas/bandas
38179,1403880.02,1403880,2,2.0,14,JALISCO,39,GUADALAJARA,2,1,2,3,1,,1,1090,1090.0,U,281,6432,Sí,No,Consumo de drogas
38180,1403880.04,1403880,4,2.0,14,JALISCO,39,GUADALAJARA,2,1,2,3,1,,1,1090,1090.0,U,281,6432,Sí,No,Consumo de drogas
38181,1403880.05,1403880,5,2.0,14,JALISCO,39,GUADALAJARA,2,2,2,2,1,,1,1090,1090.0,U,281,6432,No,No,Pandillas/bandas
38182,1403886.02,1403886,2,2.0,14,JALISCO,39,GUADALAJARA,1,1,2,4,1,,1,1145,1145.0,U,281,6411,Sí,No,Venta de drogas
38183,1403886.03,1403886,3,2.0,14,JALISCO,39,GUADALAJARA,1,1,2,4,1,,1,1145,1145.0,U,281,6411,Sí,No,Venta de drogas
38184,1403886.05,1403886,5,2.0,14,JALISCO,39,GUADALAJARA,1,1,2,4,1,,1,1145,1145.0,U,281,6411,Sí,No,Venta de drogas
38185,1403891.01,1403891,1,2.0,14,JALISCO,39,GUADALAJARA,2,1,2,3,1,,1,930,930.0,U,280,6359,Sí,No,Consumo de drogas
38186,1403891.04,1403891,4,2.0,14,JALISCO,39,GUADALAJARA,2,1,2,4,1,,1,930,930.0,U,280,6359,Sí,No,Venta de drogas
38187,1403891.05,1403891,5,2.0,14,JALISCO,39,GUADALAJARA,1,1,2,6,1,,1,930,930.0,U,280,6359,Sí,No,Disparos frecuentes
38188,1403898.02,1403898,2,2.0,14,JALISCO,39,GUADALAJARA,2,2,1,1,1,,1,1070,1070.0,U,281,6441,No,Sí,Robos frecuentes
38189,1403898.03,1403898,3,2.0,14,JALISCO,39,GUADALAJARA,1,2,2,1,1,,1,1070,1070.0,U,281,6441,No,No,Robos frecuentes
38190,1403898.04,1403898,4,2.0,14,JALISCO,39,GUADALAJARA,2,2,2,2,1,,1,1070,1070.0,U,281,6441,No,No,Pandillas/bandas
38191,1403920.01,1403920,1,2.0,14,JALISCO,39,GUADALAJARA,2,1,2,4,1,,1,1150,1150.0,U,281,6409,Sí,No,Venta de drogas
38192,1403920.02,1403920,2,2.0,14,JALISCO,39,GUADALAJARA,2,1,2,6,1,,1,1150,1150.0,U,281,6409,Sí,No,Disparos frecuentes
38193,1403920.03,1403920,3,2.0,14,JALISCO,39,GUADALAJARA,2,1,2,2,1,,1,1150,1150.0,U,281,6409,Sí,No,Pandillas/bandas
38194,1403920.05,1403920,5,2.0,14,JALISCO,39,GUADALAJARA,2,1,2,2,1,,1,1150,1150.0,U,281,6409,Sí,No,Pandillas/bandas
38195,1403938.01,1403938,1,2.0,14,JALISCO,39,GUADALAJARA,2,1,2,3,1,,1,984,984.0,U,279,6243,Sí,No,Consumo de drogas
38196,1403938.02,1403938,2,2.0,14,JALISCO,39,GUADALAJARA,2,1,2,7,1,,1,984,984.0,U,279,6243,Sí,No,Extorsión a negocios
38197,1403938.03,1403938,3,2.0,14,JALISCO,39,GUADALAJARA,2,1,2,1,1,,1,984,984.0,U,279,6243,Sí,No,Robos frecuentes
38198,1403938.05,1403938,5,2.0,14,JALISCO,39,GUADALAJARA,2,1,2,5,1,,1,984,984.0,U,279,6243,Sí,No,Violencia entre vecinos
38199,1403947.03,1403947,3,2.0,14,JALISCO,39,GUADALAJARA,2,1,2,3,2,3.0,3,1151,1151.0,U,281,6408,Sí,No,Consumo de drogas
38200,1403947.04,1403947,4,2.0,14,JALISCO,39,GUADALAJARA,2,1,2,6,1,,1,1151,1151.0,U,281,6408,Sí,No,Disparos frecuentes
38201,1403960.01,1403960,1,2.0,14,JALISCO,39,GUADALAJARA,2,1,2,5,1,,1,962,962.0,U,280,6339,Sí,No,Violencia entre vecinos
38202,1403960.02,1403960,2,2.0,14,JALISCO,39,GUADALAJARA,1,1,2,5,1,,1,962,962.0,U,280,6339,Sí,No,Violencia entre vecinos
38203,1403960.03,1403960,3,2.0,14,JALISCO,39,GUADALAJARA,1,1,2,4,1,,1,962,962.0,U,280,6339,Sí,No,Venta de drogas
38204,1403960.05,1403960,5,2.0,14,JALISCO,39,GUADALAJARA,2,1,2,6,1,,1,962,962.0,U,280,6339,Sí,No,Disparos frecuentes
38205,1404011.02,1404011,2,2.0,14,JALISCO,39,GUADALAJARA,2,2,2,1,1,,1,1112,1112.0,U,281,6420,No,No,Robos frecuentes
38206,1404011.03,1404011,3,2.0,14,JALISCO,39,GUADALAJARA,1,2,1,1,1,,1,1112,1112.0,U,281,6420,No,Sí,Robos frecuentes
38207,1404011.04,1404011,4,2.0,14,JALISCO,39,GUADALAJARA,2,2,2,1,1,,1,1112,1112.0,U,281,6420,No,No,Robos frecuentes
38208,1404011.05,1404011,5,2.0,14,JALISCO,39,GUADALAJARA,1,1,2,2,2,2.0,2,1112,1112.0,U,281,6420,Sí,No,Pandillas/bandas
38209,1404079.01,1404079,1,2.0,14,JALISCO,39,GUADALAJARA,1,1,2,1,1,,1,777,777.0,U,280,6384,Sí,No,Robos frecuentes
38210,1404079.02,1404079,2,2.0,14,JALISCO,39,GUADALAJARA,2,1,2,3,1,,1,777,777.0,U,280,6384,Sí,No,Consumo de drogas
38211,1404079.03,1404079,3,2.0,14,JALISCO,39,GUADALAJARA,2,1,2,4,1,,1,777,777.0,U,280,6384,Sí,No,Venta de drogas
38212,1404079.04,1404079,4,2.0,14,JALISCO,39,GUADALAJARA,1,1,2,4,1,,1,777,777.0,U,280,6384,Sí,No,Venta de drogas
38213,1404079.05,1404079,5,2.0,14,JALISCO,39,GUADALAJARA,2,1,2,6,1,,1,777,777.0,U,280,6384,Sí,No,Disparos frecuentes
38214,1404182.01,1404182,1,2.0,14,JALISCO,39,GUADALAJARA,1,2,2,8,1,,1,897,897.0,U,280,6370,No,No,Prostitución
38215,1404182.02,1404182,2,2.0,14,JALISCO,39,GUADALAJARA,2,1,2,4,1,,1,897,897.0,U,280,6370,Sí,No,Venta de drogas
38216,1404182.03,1404182,3,2.0,14,JALISCO,39,GUADALAJARA,2,1,2,3,1,,1,897,897.0,U,280,6370,Sí,No,Consumo de drogas
38217,1404248.01,1404248,1,2.0,14,JALISCO,39,GUADALAJARA,2,1,2,4,1,,1,891,891.0,U,280,6372,Sí,No,Venta de drogas
38218,1404248.02,1404248,2,2.0,14,JALISCO,39,GUADALAJARA,2,1,2,1,1,,1,891,891.0,U,280,6372,Sí,No,Robos frecuentes
38219,1404248.03,1404248,3,2.0,14,JALISCO,39,GUADALAJARA,2,1,2,2,1,,1,891,891.0,U,280,6372,Sí,No,Pandillas/bandas
38220,1404248.04,1404248,4,2.0,14,JALISCO,39,GUADALAJARA,1,1,1,1,1,,1,891,891.0,U,280,6372,Sí,Sí,Robos frecuentes
38221,1404248.05,1404248,5,2.0,14,JALISCO,39,GUADALAJARA,2,1,1,2,1,,1,891,891.0,U,280,6372,Sí,Sí,Pandillas/bandas
38222,1404258.01,1404258,1,2.0,14,JALISCO,39,GUADALAJARA,2,1,2,6,1,,1,713,713.0,U,280,6387,Sí,No,Disparos frecuentes
38223,1404258.02,1404258,2,2.0,14,JALISCO,39,GUADALAJARA,2,1,2,4,1,,1,713,713.0,U,280,6387,Sí,No,Venta de drogas
38224,1404258.03,1404258,3,2.0,14,JALISCO,39,GUADALAJARA,2,1,2,4,1,,1,713,713.0,U,280,6387,Sí,No,Venta de drogas
38225,1404284.01,1404284,1,2.0,14,JALISCO,39,GUADALAJARA,2,1,2,2,1,,1,837,837.0,U,278,6198,Sí,No,Pandillas/bandas
38226,1404284.02,1404284,2,2.0,14,JALISCO,39,GUADALAJARA,2,1,2,2,1,,1,837,837.0,U,278,6198,Sí,No,Pandillas/bandas
38227,1404284.03,1404284,3,2.0,14,JALISCO,39,GUADALAJARA,2,1,2,1,1,,1,837,837.0,U,278,6198,Sí,No,Robos frecuentes
38228,1404285.01,1404285,1,2.0,14,JALISCO,39,GUADALAJARA,2,1,2,1,1,,1,1026,1026.0,U,279,6225,Sí,No,Robos frecuentes
38229,1404285.02,1404285,2,2.0,14,JALISCO,39,GUADALAJARA,1,1,2,4,1,,1,1026,1026.0,U,279,6225,Sí,No,Venta de drogas
38230,1404285.03,1404285,3,2.0,14,JALISCO,39,GUADALAJARA,2,1,2,5,1,,1,1026,1026.0,U,279,6225,Sí,No,Violencia entre vecinos
38231,1404285.04,1404285,4,2.0,14,JALISCO,39,GUADALAJARA,2,1,2,6,1,,1,1026,1026.0,U,279,6225,Sí,No,Disparos frecuentes
38232,1404309.01,1404309,1,2.0,14,JALISCO,39,GUADALAJARA,1,1,2,1,1,,1,845,845.0,U,279,6271,Sí,No,Robos frecuentes
38233,1404309.04,1404309,4,2.0,14,JALISCO,39,GUADALAJARA,2,1,2,5,1,,1,845,845.0,U,279,6271,Sí,No,Violencia entre vecinos
38234,1404309.05,1404309,5,2.0,14,JALISCO,39,GUADALAJARA,2,1,2,2,1,,1,845,845.0,U,279,6271,Sí,No,Pandillas/bandas
38235,1404323.01,1404323,1,2.0,14,JALISCO,39,GUADALAJARA,2,1,2,5,1,,1,978,978.0,U,280,6331,Sí,No,Violencia entre vecinos
38236,1404323.02,1404323,2,2.0,14,JALISCO,39,GUADALAJARA,1,1,2,2,1,,1,978,978.0,U,280,6331,Sí,No,Pandillas/bandas
38237,1404323.03,1404323,3,2.0,14,JALISCO,39,GUADALAJARA,2,1,2,8,1,,1,978,978.0,U,280,6331,Sí,No,Prostitución
38238,1404323.05,1404323,5,2.0,14,JALISCO,39,GUADALAJARA,1,1,2,6,1,,1,978,978.0,U,280,6331,Sí,No,Disparos frecuentes
38239,1404355.01,1404355,1,2.0,14,JALISCO,39,GUADALAJARA,1,1,2,2,1,,1,1164,1164.0,U,281,6404,Sí,No,Pandillas/bandas
38240,1404355.03,1404355,3,2.0,14,JALISCO,39,GUADALAJARA,1,1,2,2,1,,1,1164,1164.0,U,281,6404,Sí,No,Pandillas/bandas
38241,1404355.04,1404355,4,2.0,14,JALISCO,39,GUADALAJARA,2,1,2,1,1,,1,1164,1164.0,U,281,6404,Sí,No,Robos frecuentes
38242,1404355.05,1404355,5,2.0,14,JALISCO,39,GUADALAJARA,2,1,2,1,1,,1,1164,1164.0,U,281,6404,Sí,No,Robos frecuentes
38243,1404388.01,1404388,1,2.0,14,JALISCO,39,GUADALAJARA,1,1,2,5,1,,1,926,926.0,U,280,6363,Sí,No,Violencia entre vecinos
38244,1404388.02,1404388,2,2.0,14,JALISCO,39,GUADALAJARA,1,1,2,2,1,,1,926,926.0,U,280,6363,Sí,No,Pandillas/bandas
38245,1404388.03,1404388,3,2.0,14,JALISCO,39,GUADALAJARA,2,1,2,2,1,,1,926,926.0,U,280,6363,Sí,No,Pandillas/bandas
38246,1404388.04,1404388,4,2.0,14,JALISCO,39,GUADALAJARA,2,1,2,4,1,,1,926,926.0,U,280,6363,Sí,No,Venta de drogas
38247,1404388.05,1404388,5,2.0,14,JALISCO,39,GUADALAJARA,1,1,2,7,1,,1,926,926.0,U,280,6363,Sí,No,Extorsión a negocios
38248,1404392.01,1404392,1,2.0,14,JALISCO,39,GUADALAJARA,2,1,2,4,2,2.0,2,961,961.0,U,280,6343,Sí,No,Venta de drogas
38249,1404392.02,1404392,2,2.0,14,JALISCO,39,GUADALAJARA,1,1,2,1,1,,1,961,961.0,U,280,6343,Sí,No,Robos frecuentes
38250,1404392.03,1404392,3,2.0,14,JALISCO,39,GUADALAJARA,2,1,2,5,1,,1,961,961.0,U,280,6343,Sí,No,Violencia entre vecinos
38251,1404392.04,1404392,4,2.0,14,JALISCO,39,GUADALAJARA,2,1,2,4,1,,1,961,961.0,U,280,6343,Sí,No,Venta de drogas
38252,1404409.01,1404409,1,2.0,14,JALISCO,39,GUADALAJARA,2,2,1,1,1,,1,1056,1056.0,U,281,6447,No,Sí,Robos frecuentes
38253,1404409.02,1404409,2,2.0,14,JALISCO,39,GUADALAJARA,2,1,2,2,1,,1,1056,1056.0,U,281,6447,Sí,No,Pandillas/bandas
38254,1404409.03,1404409,3,2.0,14,JALISCO,39,GUADALAJARA,1,2,1,4,1,,1,1056,1056.0,U,281,6447,No,Sí,Venta de drogas
38255,1404409.04,1404409,4,2.0,14,JALISCO,39,GUADALAJARA,1,2,1,2,1,,1,1056,1056.0,U,281,6447,No,Sí,Pandillas/bandas
38256,1404409.05,1404409,5,2.0,14,JALISCO,39,GUADALAJARA,2,2,1,2,1,,1,1056,1056.0,U,281,6447,No,Sí,Pandillas/bandas
38257,1404432.01,1404432,1,2.0,14,JALISCO,39,GUADALAJARA,2,1,2,3,1,,1,1014,1014.0,U,280,6314,Sí,No,Consumo de drogas
38258,1404432.02,1404432,2,2.0,14,JALISCO,39,GUADALAJARA,2,1,2,2,1,,1,1014,1014.0,U,280,6314,Sí,No,Pandillas/bandas
38259,1404432.03,1404432,3,2.0,14,JALISCO,39,GUADALAJARA,1,1,2,4,1,,1,1014,1014.0,U,280,6314,Sí,No,Venta de drogas
38260,1404432.04,1404432,4,2.0,14,JALISCO,39,GUADALAJARA,1,1,2,5,1,,1,1014,1014.0,U,280,6314,Sí,No,Violencia entre vecinos
38261,1404432.05,1404432,5,2.0,14,JALISCO,39,GUADALAJARA,2,1,2,1,1,,1,1014,1014.0,U,280,6314,Sí,No,Robos frecuentes
38262,1404488.01,1404488,1,2.0,14,JALISCO,39,GUADALAJARA,2,1,2,5,1,,1,809,809.0,U,279,6280,Sí,No,Violencia entre vecinos
38263,1404488.02,1404488,2,2.0,14,JALISCO,39,GUADALAJARA,2,1,2,1,1,,1,809,809.0,U,279,6280,Sí,No,Robos frecuentes
38264,1404488.03,1404488,3,2.0,14,JALISCO,39,GUADALAJARA,2,1,2,2,1,,1,809,809.0,U,279,6280,Sí,No,Pandillas/bandas
38265,1404488.05,1404488,5,2.0,14,JALISCO,39,GUADALAJARA,2,1,2,1,1,,1,809,809.0,U,279,6280,Sí,No,Robos frecuentes
38266,1404491.02,1404491,2,2.0,14,JALISCO,39,GUADALAJARA,1,1,2,4,1,,1,836,836.0,U,280,6381,Sí,No,Venta de drogas
38267,1404491.03,1404491,3,2.0,14,JALISCO,39,GUADALAJARA,1,1,2,1,1,,1,836,836.0,U,280,6381,Sí,No,Robos frecuentes
38268,1404544.01,1404544,1,2.0,14,JALISCO,39,GUADALAJARA,2,1,2,3,1,,1,946,946.0,U,281,6471,Sí,No,Consumo de drogas
38269,1404544.02,1404544,2,2.0,14,JALISCO,39,GUADALAJARA,2,1,2,5,1,,1,946,946.0,U,281,6471,Sí,No,Violencia entre vecinos
38270,1404544.03,1404544,3,2.0,14,JALISCO,39,GUADALAJARA,2,1,2,1,1,,1,946,946.0,U,281,6471,Sí,No,Robos frecuentes
38271,1404544.04,1404544,4,2.0,14,JALISCO,39,GUADALAJARA,2,1,2,1,1,,1,946,946.0,U,281,6471,Sí,No,Robos frecuentes
38272,1404544.05,1404544,5,2.0,14,JALISCO,39,GUADALAJARA,1,1,1,1,1,,1,946,946.0,U,281,6471,Sí,Sí,Robos frecuentes
38273,1404547.01,1404547,1,2.0,14,JALISCO,39,GUADALAJARA,1,1,2,3,1,,1,838,838.0,U,280,6379,Sí,No,Consumo de drogas
38274,1404547.02,1404547,2,2.0,14,JALISCO,39,GUADALAJARA,2,1,2,2,1,,1,838,838.0,U,280,6379,Sí,No,Pandillas/bandas
38275,1404547.03,1404547,3,2.0,14,JALISCO,39,GUADALAJARA,2,2,2,2,1,,1,838,838.0,U,280,6379,No,No,Pandillas/bandas
38276,1404547.05,1404547,5,2.0,14,JALISCO,39,GUADALAJARA,1,1,2,2,1,,1,838,838.0,U,280,6379,Sí,No,Pandillas/bandas
38277,1404587.01,1404587,1,2.0,14,JALISCO,39,GUADALAJARA,1,1,2,5,1,,1,1066,1066.0,U,281,6443,Sí,No,Violencia entre vecinos
38278,1404587.03,1404587,3,2.0,14,JALISCO,39,GUADALAJARA,2,1,2,3,1,,1,1066,1066.0,U,281,6443,Sí,No,Consumo de drogas
38279,1404587.04,1404587,4,2.0,14,JALISCO,39,GUADALAJARA,2,1,2,6,1,,1,1066,1066.0,U,281,6443,Sí,No,Disparos frecuentes
38280,1404587.05,1404587,5,2.0,14,JALISCO,39,GUADALAJARA,2,1,2,1,1,,1,1066,1066.0,U,281,6443,Sí,No,Robos frecuentes
38281,1404608.01,1404608,1,2.0,14,JALISCO,39,GUADALAJARA,1,1,2,2,1,,1,1151,1151.0,U,281,6407,Sí,No,Pandillas/bandas
38282,1404608.03,1404608,3,2.0,14,JALISCO,39,GUADALAJARA,1,1,2,3,1,,1,1151,1151.0,U,281,6407,Sí,No,Consumo de drogas
38283,1404608.04,1404608,4,2.0,14,JALISCO,39,GUADALAJARA,2,1,2,2,1,,1,1151,1151.0,U,281,6407,Sí,No,Pandillas/bandas
38284,1404671.01,1404671,1,2.0,14,JALISCO,39,GUADALAJARA,2,3,2,1,1,,1,924,924.0,U,280,6365,No sabe,No,Robos frecuentes
38285,1404671.02,1404671,2,2.0,14,JALISCO,39,GUADALAJARA,1,1,2,3,1,,1,924,924.0,U,280,6365,Sí,No,Consumo de drogas
38286,1404671.03,1404671,3,2.0,14,JALISCO,39,GUADALAJARA,2,1,2,3,1,,1,924,924.0,U,280,6365,Sí,No,Consumo de drogas
38287,1404709.01,1404709,1,2.0,14,JALISCO,39,GUADALAJARA,2,1,2,2,1,,1,969,969.0,U,280,6335,Sí,No,Pandillas/bandas
38288,1404709.02,1404709,2,2.0,14,JALISCO,39,GUADALAJARA,2,1,2,4,1,,1,969,969.0,U,280,6335,Sí,No,Venta de drogas
38289,1404709.03,1404709,3,2.0,14,JALISCO,39,GUADALAJARA,1,1,2,3,1,,1,969,969.0,U,280,6335,Sí,No,Consumo de drogas
38290,1404709.04,1404709,4,2.0,14,JALISCO,39,GUADALAJARA,2,3,1,1,1,,1,969,969.0,U,280,6335,No sabe,Sí,Robos frecuentes
38291,1404709.05,1404709,5,2.0,14,JALISCO,39,GUADALAJARA,2,1,2,3,1,,1,969,969.0,U,280,6335,Sí,No,Consumo de drogas
38292,1404718.01,1404718,1,2.0,14,JALISCO,39,GUADALAJARA,2,1,2,6,1,,1,961,961.0,U,280,6342,Sí,No,Disparos frecuentes
38293,1404718.02,1404718,2,2.0,14,JALISCO,39,GUADALAJARA,2,1,2,1,1,,1,961,961.0,U,280,6342,Sí,No,Robos frecuentes
38294,1404718.03,1404718,3,2.0,14,JALISCO,39,GUADALAJARA,1,1,2,5,1,,1,961,961.0,U,280,6342,Sí,No,Violencia entre vecinos
38295,1404718.04,1404718,4,2.0,14,JALISCO,39,GUADALAJARA,2,1,2,7,1,,1,961,961.0,U,280,6342,Sí,No,Extorsión a negocios
38296,1404718.05,1404718,5,2.0,14,JALISCO,39,GUADALAJARA,1,1,2,6,1,,1,961,961.0,U,280,6342,Sí,No,Disparos frecuentes
38297,1404775.02,1404775,2,2.0,14,JALISCO,39,GUADALAJARA,2,1,2,2,1,,1,1050,1050.0,U,280,6301,Sí,No,Pandillas/bandas
38298,1404775.04,1404775,4,2.0,14,JALISCO,39,GUADALAJARA,2,1,1,1,1,,1,1050,1050.0,U,280,6301,Sí,Sí,Robos frecuentes
38299,1404775.05,1404775,5,2.0,14,JALISCO,39,GUADALAJARA,2,3,1,1,1,,1,1050,1050.0,U,280,6301,No sabe,Sí,Robos frecuentes
38300,1404815.01,1404815,1,2.0,14,JALISCO,39,GUADALAJARA,2,1,2,7,1,,1,994,994.0,U,281,6462,Sí,No,Extorsión a negocios
38301,1404815.02,1404815,2,2.0,14,JALISCO,39,GUADALAJARA,2,1,2,2,1,,1,994,994.0,U,281,6462,Sí,No,Pandillas/bandas
38302,1404815.03,1404815,3,2.0,14,JALISCO,39,GUADALAJARA,2,1,2,5,1,,1,994,994.0,U,281,6462,Sí,No,Violencia entre vecinos
38303,1404815.04,1404815,4,2.0,14,JALISCO,39,GUADALAJARA,2,1,2,1,1,,1,994,994.0,U,281,6462,Sí,No,Robos frecuentes
38304,1404815.05,1404815,5,2.0,14,JALISCO,39,GUADALAJARA,2,1,2,3,1,,1,994,994.0,U,281,6462,Sí,No,Consumo de drogas
38305,1404852.01,1404852,1,2.0,14,JALISCO,39,GUADALAJARA,2,1,2,3,1,,1,1092,1092.0,U,281,6429,Sí,No,Consumo de drogas
38306,1404852.03,1404852,3,2.0,14,JALISCO,39,GUADALAJARA,2,1,2,4,1,,1,1092,1092.0,U,281,6429,Sí,No,Venta de drogas
38307,1404852.04,1404852,4,2.0,14,JALISCO,39,GUADALAJARA,2,1,1,1,1,,1,1092,1092.0,U,281,6429,Sí,Sí,Robos frecuentes
38308,1404852.05,1404852,5,2.0,14,JALISCO,39,GUADALAJARA,2,2,1,1,1,,1,1092,1092.0,U,281,6429,No,Sí,Robos frecuentes
38309,1404866.01,1404866,1,2.0,14,JALISCO,39,GUADALAJARA,2,1,2,2,1,,1,1069,1069.0,U,280,6299,Sí,No,Pandillas/bandas
38310,1404866.02,1404866,2,2.0,14,JALISCO,39,GUADALAJARA,2,1,2,4,1,,1,1069,1069.0,U,280,6299,Sí,No,Venta de drogas
38311,1404866.03,1404866,3,2.0,14,JALISCO,39,GUADALAJARA,2,1,2,2,1,,1,1069,1069.0,U,280,6299,Sí,No,Pandillas/bandas
38312,1404866.04,1404866,4,2.0,14,JALISCO,39,GUADALAJARA,2,1,1,1,1,,1,1069,1069.0,U,280,6299,Sí,Sí,Robos frecuentes
38313,1404866.05,1404866,5,2.0,14,JALISCO,39,GUADALAJARA,2,1,1,1,1,,1,1069,1069.0,U,280,6299,Sí,Sí,Robos frecuentes
38314,1404885.02,1404885,2,2.0,14,JALISCO,39,GUADALAJARA,1,1,2,3,2,2.0,2,1180,1180.0,U,281,6399,Sí,No,Consumo de drogas
38315,1404885.04,1404885,4,2.0,14,JALISCO,39,GUADALAJARA,1,1,2,2,1,,1,1180,1180.0,U,281,6399,Sí,No,Pandillas/bandas
38316,1404885.05,1404885,5,2.0,14,JALISCO,39,GUADALAJARA,1,1,2,2,1,,1,1180,1180.0,U,281,6399,Sí,No,Pandillas/bandas
38317,1404887.01,1404887,1,2.0,14,JALISCO,39,GUADALAJARA,2,1,2,2,1,,1,1081,1081.0,U,281,6435,Sí,No,Pandillas/bandas
38318,1404887.02,1404887,2,2.0,14,JALISCO,39,GUADALAJARA,2,1,2,4,1,,1,1081,1081.0,U,281,6435,Sí,No,Venta de drogas
38319,1404887.05,1404887,5,2.0,14,JALISCO,39,GUADALAJARA,2,1,2,4,2,2.0,2,1081,1081.0,U,281,6435,Sí,No,Venta de drogas
38320,1404900.01,1404900,1,2.0,14,JALISCO,39,GUADALAJARA,1,1,2,4,1,,1,759,759.0,U,279,6285,Sí,No,Venta de drogas
38321,1404900.02,1404900,2,2.0,14,JALISCO,39,GUADALAJARA,1,1,2,5,1,,1,759,759.0,U,279,6285,Sí,No,Violencia entre vecinos
38322,1404900.03,1404900,3,2.0,14,JALISCO,39,GUADALAJARA,2,1,2,2,1,,1,759,759.0,U,279,6285,Sí,No,Pandillas/bandas
38323,1404900.04,1404900,4,2.0,14,JALISCO,39,GUADALAJARA,2,1,2,2,1,,1,759,759.0,U,279,6285,Sí,No,Pandillas/bandas
38324,1404920.01,1404920,1,2.0,14,JALISCO,39,GUADALAJARA,2,1,2,4,1,,1,1002,1002.0,U,280,6320,Sí,No,Venta de drogas
38325,1404920.02,1404920,2,2.0,14,JALISCO,39,GUADALAJARA,2,1,2,3,1,,1,1002,1002.0,U,280,6320,Sí,No,Consumo de drogas
38326,1404920.03,1404920,3,2.0,14,JALISCO,39,GUADALAJARA,2,1,2,3,1,,1,1002,1002.0,U,280,6320,Sí,No,Consumo de drogas
38327,1404920.04,1404920,4,2.0,14,JALISCO,39,GUADALAJARA,2,1,2,2,1,,1,1002,1002.0,U,280,6320,Sí,No,Pandillas/bandas
38328,1404920.05,1404920,5,2.0,14,JALISCO,39,GUADALAJARA,2,1,2,6,1,,1,1002,1002.0,U,280,6320,Sí,No,Disparos frecuentes
38329,1404992.01,1404992,1,2.0,14,JALISCO,39,GUADALAJARA,2,1,2,5,1,,1,954,954.0,U,280,6349,Sí,No,Violencia entre vecinos
38330,1404992.02,1404992,2,2.0,14,JALISCO,39,GUADALAJARA,2,1,2,3,1,,1,954,954.0,U,280,6349,Sí,No,Consumo de drogas
38331,1404992.03,1404992,3,2.0,14,JALISCO,39,GUADALAJARA,2,1,2,5,1,,1,954,954.0,U,280,6349,Sí,No,Violencia entre vecinos
38332,1404992.04,1404992,4,2.0,14,JALISCO,39,GUADALAJARA,2,1,2,5,1,,1,954,954.0,U,280,6349,Sí,No,Violencia entre vecinos
38333,1404992.05,1404992,5,2.0,14,JALISCO,39,GUADALAJARA,1,1,2,5,1,,1,954,954.0,U,280,6349,Sí,No,Violencia entre vecinos
38334,1405018.01,1405018,1,2.0,14,JALISCO,39,GUADALAJARA,1,1,2,3,1,,1,897,897.0,U,280,6369,Sí,No,Consumo de drogas
38335,1405018.02,1405018,2,2.0,14,JALISCO,39,GUADALAJARA,1,1,2,3,1,,1,897,897.0,U,280,6369,Sí,No,Consumo de drogas
38336,1405018.03,1405018,3,2.0,14,JALISCO,39,GUADALAJARA,2,1,2,2,1,,1,897,897.0,U,280,6369,Sí,No,Pandillas/bandas
38337,1405018.04,1405018,4,2.0,14,JALISCO,39,GUADALAJARA,1,1,2,3,1,,1,897,897.0,U,280,6369,Sí,No,Consumo de drogas
38338,1405027.01,1405027,1,2.0,14,JALISCO,39,GUADALAJARA,1,1,2,2,1,,1,921,921.0,U,281,6475,Sí,No,Pandillas/bandas
38339,1405027.02,1405027,2,2.0,14,JALISCO,39,GUADALAJARA,1,1,2,2,1,,1,921,921.0,U,281,6475,Sí,No,Pandillas/bandas
38340,1405027.03,1405027,3,2.0,14,JALISCO,39,GUADALAJARA,1,1,2,7,1,,1,921,921.0,U,281,6475,Sí,No,Extorsión a negocios
38341,1405027.04,1405027,4,2.0,14,JALISCO,39,GUADALAJARA,1,1,2,3,1,,1,921,921.0,U,281,6475,Sí,No,Consumo de drogas
38342,1405027.05,1405027,5,2.0,14,JALISCO,39,GUADALAJARA,2,2,1,3,1,,1,921,921.0,U,281,6475,No,Sí,Consumo de drogas
38343,1405059.01,1405059,1,2.0,14,JALISCO,39,GUADALAJARA,1,1,2,4,1,,1,1005,1005.0,U,281,6459,Sí,No,Venta de drogas
38344,1405059.02,1405059,2,2.0,14,JALISCO,39,GUADALAJARA,1,1,2,1,1,,1,1005,1005.0,U,281,6459,Sí,No,Robos frecuentes
38345,1405059.03,1405059,3,2.0,14,JALISCO,39,GUADALAJARA,2,2,2,1,1,,1,1005,1005.0,U,281,6459,No,No,Robos frecuentes
38346,1405059.04,1405059,4,2.0,14,JALISCO,39,GUADALAJARA,2,1,2,3,1,,1,1005,1005.0,U,281,6459,Sí,No,Consumo de drogas
38347,1405059.05,1405059,5,2.0,14,JALISCO,39,GUADALAJARA,2,1,2,9,1,,1,1005,1005.0,U,281,6459,Sí,No,Ninguno
38348,1405090.01,1405090,1,2.0,14,JALISCO,39,GUADALAJARA,2,1,2,2,1,,1,982,982.0,U,280,6327,Sí,No,Pandillas/bandas
38349,1405090.03,1405090,3,2.0,14,JALISCO,39,GUADALAJARA,1,1,2,4,1,,1,982,982.0,U,280,6327,Sí,No,Venta de drogas
38350,1405090.04,1405090,4,2.0,14,JALISCO,39,GUADALAJARA,1,1,2,4,1,,1,982,982.0,U,280,6327,Sí,No,Venta de drogas
38351,1405090.05,1405090,5,2.0,14,JALISCO,39,GUADALAJARA,2,1,2,3,1,,1,982,982.0,U,280,6327,Sí,No,Consumo de drogas
38352,1405103.02,1405103,2,2.0,14,JALISCO,39,GUADALAJARA,2,2,2,3,1,,1,1044,1044.0,U,280,6302,No,No,Consumo de drogas
38353,1405103.03,1405103,3,2.0,14,JALISCO,39,GUADALAJARA,1,1,2,1,1,,1,1044,1044.0,U,280,6302,Sí,No,Robos frecuentes
38354,1405103.05,1405103,5,2.0,14,JALISCO,39,GUADALAJARA,2,1,1,2,1,,1,1044,1044.0,U,280,6302,Sí,Sí,Pandillas/bandas
38355,1405122.02,1405122,2,2.0,14,JALISCO,39,GUADALAJARA,2,1,2,2,1,,1,945,945.0,U,280,6353,Sí,No,Pandillas/bandas
38356,1405122.03,1405122,3,2.0,14,JALISCO,39,GUADALAJARA,1,1,2,5,1,,1,945,945.0,U,280,6353,Sí,No,Violencia entre vecinos
38357,1405122.04,1405122,4,2.0,14,JALISCO,39,GUADALAJARA,2,1,2,3,1,,1,945,945.0,U,280,6353,Sí,No,Consumo de drogas
38358,1405122.05,1405122,5,2.0,14,JALISCO,39,GUADALAJARA,1,1,2,4,1,,1,945,945.0,U,280,6353,Sí,No,Venta de drogas
38359,1405229.01,1405229,1,2.0,14,JALISCO,39,GUADALAJARA,2,1,2,1,1,,1,1026,1026.0,U,280,6310,Sí,No,Robos frecuentes
38360,1405229.02,1405229,2,2.0,14,JALISCO,39,GUADALAJARA,2,1,2,5,2,2.0,2,1026,1026.0,U,280,6310,Sí,No,Violencia entre vecinos
38361,1405229.03,1405229,3,2.0,14,JALISCO,39,GUADALAJARA,2,1,2,5,1,,1,1026,1026.0,U,280,6310,Sí,No,Violencia entre vecinos
38362,1405229.04,1405229,4,2.0,14,JALISCO,39,GUADALAJARA,2,1,2,3,1,,1,1026,1026.0,U,280,6310,Sí,No,Consumo de drogas
38363,1405229.05,1405229,5,2.0,14,JALISCO,39,GUADALAJARA,1,1,2,5,1,,1,1026,1026.0,U,280,6310,Sí,No,Violencia entre vecinos
38364,1405272.01,1405272,1,2.0,14,JALISCO,39,GUADALAJARA,1,2,1,4,1,,1,1212,1212.0,U,281,6394,No,Sí,Venta de drogas
38365,1405272.02,1405272,2,2.0,14,JALISCO,39,GUADALAJARA,1,2,1,3,1,,1,1212,1212.0,U,281,6394,No,Sí,Consumo de drogas
38366,1405272.03,1405272,3,2.0,14,JALISCO,39,GUADALAJARA,1,2,2,1,1,,1,1212,1212.0,U,281,6394,No,No,Robos frecuentes
38367,1405272.05,1405272,5,2.0,14,JALISCO,39,GUADALAJARA,1,2,1,2,1,,1,1212,1212.0,U,281,6394,No,Sí,Pandillas/bandas
38368,1405378.01,1405378,1,2.0,14,JALISCO,39,GUADALAJARA,2,1,2,4,1,,1,1115,1115.0,U,280,6296,Sí,No,Venta de drogas
38369,1405378.02,1405378,2,2.0,14,JALISCO,39,GUADALAJARA,1,1,2,4,1,,1,1115,1115.0,U,280,6296,Sí,No,Venta de drogas
38370,1405378.03,1405378,3,2.0,14,JALISCO,39,GUADALAJARA,2,1,2,2,1,,1,1115,1115.0,U,280,6296,Sí,No,Pandillas/bandas
38371,1405381.01,1405381,1,2.0,14,JALISCO,39,GUADALAJARA,2,1,2,4,1,,1,981,981.0,U,280,6330,Sí,No,Venta de drogas
38372,1405381.03,1405381,3,2.0,14,JALISCO,39,GUADALAJARA,2,1,2,5,1,,1,981,981.0,U,280,6330,Sí,No,Violencia entre vecinos
38373,1405381.04,1405381,4,2.0,14,JALISCO,39,GUADALAJARA,2,1,2,3,1,,1,981,981.0,U,280,6330,Sí,No,Consumo de drogas
38374,1405381.05,1405381,5,2.0,14,JALISCO,39,GUADALAJARA,2,1,2,5,1,,1,981,981.0,U,280,6330,Sí,No,Violencia entre vecinos
38375,1405452.01,1405452,1,2.0,14,JALISCO,39,GUADALAJARA,2,1,2,6,1,,1,1087,1087.0,U,281,6433,Sí,No,Disparos frecuentes
38376,1405452.02,1405452,2,2.0,14,JALISCO,39,GUADALAJARA,2,1,2,3,1,,1,1087,1087.0,U,281,6433,Sí,No,Consumo de drogas
38377,1405452.03,1405452,3,2.0,14,JALISCO,39,GUADALAJARA,2,2,1,1,1,,1,1087,1087.0,U,281,6433,No,Sí,Robos frecuentes
38378,1405452.04,1405452,4,2.0,14,JALISCO,39,GUADALAJARA,2,1,1,3,1,,1,1087,1087.0,U,281,6433,Sí,Sí,Consumo de drogas
38379,1405452.05,1405452,5,2.0,14,JALISCO,39,GUADALAJARA,1,1,2,6,1,,1,1087,1087.0,U,281,6433,Sí,No,Disparos frecuentes
38380,1405453.01,1405453,1,2.0,14,JALISCO,39,GUADALAJARA,1,1,2,4,1,,1,1079,1079.0,U,281,6436,Sí,No,Venta de drogas
38381,1405453.02,1405453,2,2.0,14,JALISCO,39,GUADALAJARA,1,1,2,2,1,,1,1079,1079.0,U,281,6436,Sí,No,Pandillas/bandas
38382,1405453.04,1405453,4,2.0,14,JALISCO,39,GUADALAJARA,2,1,2,4,1,,1,1079,1079.0,U,281,6436,Sí,No,Venta de drogas
38383,1405453.05,1405453,5,2.0,14,JALISCO,39,GUADALAJARA,2,1,2,4,1,,1,1079,1079.0,U,281,6436,Sí,No,Venta de drogas
38384,1405460.01,1405460,1,2.0,14,JALISCO,39,GUADALAJARA,2,1,2,2,1,,1,869,869.0,U,280,6374,Sí,No,Pandillas/bandas
38385,1405460.02,1405460,2,2.0,14,JALISCO,39,GUADALAJARA,1,1,2,5,1,,1,869,869.0,U,280,6374,Sí,No,Violencia entre vecinos
38386,1405460.03,1405460,3,2.0,14,JALISCO,39,GUADALAJARA,1,1,2,5,2,5.0,5,869,869.0,U,280,6374,Sí,No,Violencia entre vecinos
38387,1405460.04,1405460,4,2.0,14,JALISCO,39,GUADALAJARA,2,1,2,2,1,,1,869,869.0,U,280,6374,Sí,No,Pandillas/bandas
38388,1405465.01,1405465,1,2.0,14,JALISCO,39,GUADALAJARA,1,1,2,3,1,,1,1138,1138.0,U,281,6412,Sí,No,Consumo de drogas
38389,1405465.02,1405465,2,2.0,14,JALISCO,39,GUADALAJARA,2,1,2,4,1,,1,1138,1138.0,U,281,6412,Sí,No,Venta de drogas
38390,1405465.03,1405465,3,2.0,14,JALISCO,39,GUADALAJARA,2,1,2,3,1,,1,1138,1138.0,U,281,6412,Sí,No,Consumo de drogas
38391,1405465.04,1405465,4,2.0,14,JALISCO,39,GUADALAJARA,1,2,1,2,1,,1,1138,1138.0,U,281,6412,No,Sí,Pandillas/bandas
38392,1405465.05,1405465,5,2.0,14,JALISCO,39,GUADALAJARA,1,1,2,4,1,,1,1138,1138.0,U,281,6412,Sí,No,Venta de drogas
38393,1405469.01,1405469,1,2.0,14,JALISCO,39,GUADALAJARA,2,1,2,2,1,,1,1021,1021.0,U,281,6455,Sí,No,Pandillas/bandas
38394,1405469.02,1405469,2,2.0,14,JALISCO,39,GUADALAJARA,2,1,2,3,1,,1,1021,1021.0,U,281,6455,Sí,No,Consumo de drogas
38395,1405469.03,1405469,3,2.0,14,JALISCO,39,GUADALAJARA,2,1,2,6,1,,1,1021,1021.0,U,281,6455,Sí,No,Disparos frecuentes
38396,1405469.04,1405469,4,2.0,14,JALISCO,39,GUADALAJARA,2,1,2,3,1,,1,1021,1021.0,U,281,6455,Sí,No,Consumo de drogas
38397,1405469.05,1405469,5,2.0,14,JALISCO,39,GUADALAJARA,1,1,2,4,1,,1,1021,1021.0,U,281,6455,Sí,No,Venta de drogas
38398,1405514.01,1405514,1,2.0,14,JALISCO,39,GUADALAJARA,1,1,2,5,1,,1,813,813.0,U,279,6279,Sí,No,Violencia entre vecinos
38399,1405514.02,1405514,2,2.0,14,JALISCO,39,GUADALAJARA,1,1,2,5,1,,1,813,813.0,U,279,6279,Sí,No,Violencia entre vecinos
38400,1405514.03,1405514,3,2.0,14,JALISCO,39,GUADALAJARA,1,1,2,5,1,,1,813,813.0,U,279,6279,Sí,No,Violencia entre vecinos
38401,1405514.04,1405514,4,2.0,14,JALISCO,39,GUADALAJARA,1,1,2,1,1,,1,813,813.0,U,279,6279,Sí,No,Robos frecuentes
38402,1405514.05,1405514,5,2.0,14,JALISCO,39,GUADALAJARA,2,1,2,7,2,2.0,2,813,813.0,U,279,6279,Sí,No,Extorsión a negocios
38403,1405517.01,1405517,1,2.0,14,JALISCO,39,GUADALAJARA,1,1,2,1,1,,1,1197,1197.0,U,279,6208,Sí,No,Robos frecuentes
38404,1405517.02,1405517,2,2.0,14,JALISCO,39,GUADALAJARA,1,1,2,1,1,,1,1197,1197.0,U,279,6208,Sí,No,Robos frecuentes
38405,1405517.03,1405517,3,2.0,14,JALISCO,39,GUADALAJARA,2,1,2,2,1,,1,1197,1197.0,U,279,6208,Sí,No,Pandillas/bandas
38406,1405517.04,1405517,4,2.0,14,JALISCO,39,GUADALAJARA,2,1,2,1,1,,1,1197,1197.0,U,279,6208,Sí,No,Robos frecuentes
38407,1405517.05,1405517,5,2.0,14,JALISCO,39,GUADALAJARA,2,1,2,2,1,,1,1197,1197.0,U,279,6208,Sí,No,Pandillas/bandas
38408,1405520.01,1405520,1,2.0,14,JALISCO,39,GUADALAJARA,1,1,2,2,1,,1,687,687.0,U,280,6388,Sí,No,Pandillas/bandas
38409,1405520.02,1405520,2,2.0,14,JALISCO,39,GUADALAJARA,2,1,1,4,1,,1,687,687.0,U,280,6388,Sí,Sí,Venta de drogas
38410,1405520.03,1405520,3,2.0,14,JALISCO,39,GUADALAJARA,1,1,2,9,2,3.0,3,687,687.0,U,280,6388,Sí,No,Ninguno
38411,1405520.04,1405520,4,2.0,14,JALISCO,39,GUADALAJARA,1,1,1,5,1,,1,687,687.0,U,280,6388,Sí,Sí,Violencia entre vecinos
38412,1405520.05,1405520,5,2.0,14,JALISCO,39,GUADALAJARA,1,1,2,5,1,,1,687,687.0,U,280,6388,Sí,No,Violencia entre vecinos
38413,1405531.01,1405531,1,2.0,14,JALISCO,39,GUADALAJARA,1,1,2,11,1,,1,956,956.0,U,279,6248,Sí,No,
38414,1405531.03,1405531,3,2.0,14,JALISCO,39,GUADALAJARA,1,1,2,1,1,,1,956,956.0,U,279,6248,Sí,No,Robos frecuentes
38415,1405531.04,1405531,4,2.0,14,JALISCO,39,GUADALAJARA,1,1,2,6,2,2.0,2,956,956.0,U,279,6248,Sí,No,Disparos frecuentes
38416,1405531.05,1405531,5,2.0,14,JALISCO,39,GUADALAJARA,2,1,2,2,1,,1,956,956.0,U,279,6248,Sí,No,Pandillas/bandas
38417,1405568.01,1405568,1,2.0,14,JALISCO,39,GUADALAJARA,1,1,2,2,1,,1,961,961.0,U,280,6341,Sí,No,Pandillas/bandas
38418,1405568.02,1405568,2,2.0,14,JALISCO,39,GUADALAJARA,2,1,2,4,1,,1,961,961.0,U,280,6341,Sí,No,Venta de drogas
38419,1405568.03,1405568,3,2.0,14,JALISCO,39,GUADALAJARA,2,1,2,1,1,,1,961,961.0,U,280,6341,Sí,No,Robos frecuentes
38420,1405568.05,1405568,5,2.0,14,JALISCO,39,GUADALAJARA,2,1,2,2,1,,1,961,961.0,U,280,6341,Sí,No,Pandillas/bandas
38421,1405617.01,1405617,1,2.0,14,JALISCO,39,GUADALAJARA,2,1,2,2,1,,1,1092,1092.0,U,281,6430,Sí,No,Pandillas/bandas
38422,1405617.02,1405617,2,2.0,14,JALISCO,39,GUADALAJARA,1,2,1,1,1,,1,1092,1092.0,U,281,6430,No,Sí,Robos frecuentes
38423,1405617.03,1405617,3,2.0,14,JALISCO,39,GUADALAJARA,2,1,2,4,1,,1,1092,1092.0,U,281,6430,Sí,No,Venta de drogas
38424,1405617.04,1405617,4,2.0,14,JALISCO,39,GUADALAJARA,1,1,2,4,1,,1,1092,1092.0,U,281,6430,Sí,No,Venta de drogas
38425,1405617.05,1405617,5,2.0,14,JALISCO,39,GUADALAJARA,1,1,2,1,1,,1,1092,1092.0,U,281,6430,Sí,No,Robos frecuentes
38426,1405627.01,1405627,1,2.0,14,JALISCO,39,GUADALAJARA,2,1,2,5,1,,1,1158,1158.0,U,281,6405,Sí,No,Violencia entre vecinos
38427,1405627.02,1405627,2,2.0,14,JALISCO,39,GUADALAJARA,2,1,2,5,1,,1,1158,1158.0,U,281,6405,Sí,No,Violencia entre vecinos
38428,1405627.03,1405627,3,2.0,14,JALISCO,39,GUADALAJARA,2,1,2,2,1,,1,1158,1158.0,U,281,6405,Sí,No,Pandillas/bandas
38429,1405627.05,1405627,5,2.0,14,JALISCO,39,GUADALAJARA,2,1,2,1,1,,1,1158,1158.0,U,281,6405,Sí,No,Robos frecuentes
38430,1405675.01,1405675,1,2.0,14,JALISCO,39,GUADALAJARA,2,1,2,4,1,,1,1101,1101.0,U,281,6425,Sí,No,Venta de drogas
38431,1405675.02,1405675,2,2.0,14,JALISCO,39,GUADALAJARA,2,1,2,1,1,,1,1101,1101.0,U,281,6425,Sí,No,Robos frecuentes
38432,1405675.03,1405675,3,2.0,14,JALISCO,39,GUADALAJARA,2,1,2,2,1,,1,1101,1101.0,U,281,6425,Sí,No,Pandillas/bandas
38433,1405675.04,1405675,4,2.0,14,JALISCO,39,GUADALAJARA,2,2,1,1,1,,1,1101,1101.0,U,281,6425,No,Sí,Robos frecuentes
38434,1405675.05,1405675,5,2.0,14,JALISCO,39,GUADALAJARA,2,1,2,2,1,,1,1101,1101.0,U,281,6425,Sí,No,Pandillas/bandas
38435,1405678.02,1405678,2,2.0,14,JALISCO,39,GUADALAJARA,1,1,2,1,1,,1,1112,1112.0,U,281,6421,Sí,No,Robos frecuentes
38436,1405678.04,1405678,4,2.0,14,JALISCO,39,GUADALAJARA,2,1,2,4,1,,1,1112,1112.0,U,281,6421,Sí,No,Venta de drogas
38437,1405678.05,1405678,5,2.0,14,JALISCO,39,GUADALAJARA,2,2,1,2,1,,1,1112,1112.0,U,281,6421,No,Sí,Pandillas/bandas
38438,1405681.01,1405681,1,2.0,14,JALISCO,39,GUADALAJARA,1,1,2,5,1,,1,882,882.0,U,281,6477,Sí,No,Violencia entre vecinos
38439,1405681.03,1405681,3,2.0,14,JALISCO,39,GUADALAJARA,2,2,1,2,1,,1,882,882.0,U,281,6477,No,Sí,Pandillas/bandas
38440,1405681.04,1405681,4,2.0,14,JALISCO,39,GUADALAJARA,1,1,2,1,1,,1,882,882.0,U,281,6477,Sí,No,Robos frecuentes
38441,1405681.05,1405681,5,2.0,14,JALISCO,39,GUADALAJARA,1,4,2,1,1,,1,882,882.0,U,281,6477,No aplica,No,Robos frecuentes
38442,1405689.01,1405689,1,2.0,14,JALISCO,39,GUADALAJARA,2,1,2,5,1,,1,985,985.0,U,280,6326,Sí,No,Violencia entre vecinos
38443,1405689.02,1405689,2,2.0,14,JALISCO,39,GUADALAJARA,2,1,2,4,1,,1,985,985.0,U,280,6326,Sí,No,Venta de drogas
38444,1405689.03,1405689,3,2.0,14,JALISCO,39,GUADALAJARA,2,1,2,4,1,,1,985,985.0,U,280,6326,Sí,No,Venta de drogas
38445,1405689.04,1405689,4,2.0,14,JALISCO,39,GUADALAJARA,2,1,2,4,1,,1,985,985.0,U,280,6326,Sí,No,Venta de drogas
38446,1405689.05,1405689,5,2.0,14,JALISCO,39,GUADALAJARA,2,1,2,4,1,,1,985,985.0,U,280,6326,Sí,No,Venta de drogas
38447,1405713.01,1405713,1,2.0,14,JALISCO,39,GUADALAJARA,2,2,1,1,1,,1,855,855.0,U,280,6377,No,Sí,Robos frecuentes
38448,1405713.02,1405713,2,2.0,14,JALISCO,39,GUADALAJARA,2,1,2,4,1,,1,855,855.0,U,280,6377,Sí,No,Venta de drogas
38449,1405713.03,1405713,3,2.0,14,JALISCO,39,GUADALAJARA,1,2,1,3,1,,1,855,855.0,U,280,6377,No,Sí,Consumo de drogas
38450,1405713.05,1405713,5,2.0,14,JALISCO,39,GUADALAJARA,2,1,2,2,1,,1,855,855.0,U,280,6377,Sí,No,Pandillas/bandas
38451,1405741.01,1405741,1,2.0,14,JALISCO,39,GUADALAJARA,1,1,2,3,1,,1,1014,1014.0,U,279,6229,Sí,No,Consumo de drogas
38452,1405741.02,1405741,2,2.0,14,JALISCO,39,GUADALAJARA,1,1,2,4,1,,1,1014,1014.0,U,279,6229,Sí,No,Venta de drogas
38453,1405741.03,1405741,3,2.0,14,JALISCO,39,GUADALAJARA,2,1,2,1,1,,1,1014,1014.0,U,279,6229,Sí,No,Robos frecuentes
38454,1405741.04,1405741,4,2.0,14,JALISCO,39,GUADALAJARA,2,1,2,2,1,,1,1014,1014.0,U,279,6229,Sí,No,Pandillas/bandas
38455,1405780.01,1405780,1,2.0,14,JALISCO,39,GUADALAJARA,1,1,2,6,1,,1,985,985.0,U,280,6325,Sí,No,Disparos frecuentes
38456,1405780.02,1405780,2,2.0,14,JALISCO,39,GUADALAJARA,1,1,2,5,1,,1,985,985.0,U,280,6325,Sí,No,Violencia entre vecinos
38457,1405780.03,1405780,3,2.0,14,JALISCO,39,GUADALAJARA,2,1,2,1,1,,1,985,985.0,U,280,6325,Sí,No,Robos frecuentes
38458,1405780.05,1405780,5,2.0,14,JALISCO,39,GUADALAJARA,2,1,2,2,1,,1,985,985.0,U,280,6325,Sí,No,Pandillas/bandas
